{"cameraMode":{"drawMode":0,"name":"Shaded","section":"Shading Mode"},"sceneLighting":true,"audioPlay":false,"sceneViewState":{"m_AlwaysRefresh":false,"showFog":true,"showSkybox":true,"showFlares":true,"showImageEffects":true,"showParticleSystems":true,"showVisualEffectGraphs":true,"m_FxEnabled":true},"in2DMode":false,"pivot":{"x":1.1419029235839844,"y":1.6812639236450196,"z":-9.180057525634766},"rotation":{"x":0.17635445296764375,"y":0.7474780678749085,"z":-0.21901501715183259,"w":0.6019845604896545},"size":10.618698120117188,"orthographic":false}