{"cameraMode":{"drawMode":0,"name":"Shaded","section":"Shading Mode"},"sceneLighting":true,"audioPlay":false,"sceneViewState":{"showFog":true,"showMaterialUpdate":false,"showSkybox":true,"showFlares":true,"showImageEffects":true,"showParticleSystems":true},"in2DMode":false,"pivot":{"x":0.08410995453596115,"y":0.4417932629585266,"z":0.49708837270736697},"rotation":{"x":0.41345056891441347,"y":0.5102115869522095,"z":-0.30612659454345705,"w":0.6893510222434998},"size":0.5720199346542358,"orthographic":false}