{"cameraMode":{"drawMode":0,"name":"Shaded","section":"Shading Mode"},"sceneLighting":true,"audioPlay":false,"sceneViewState":{"showFog":true,"showMaterialUpdate":false,"showSkybox":true,"showFlares":true,"showImageEffects":true,"showParticleSystems":true},"in2DMode":false,"pivot":{"x":-0.6616948843002319,"y":-0.8677351474761963,"z":0.5982449054718018},"rotation":{"x":-0.3649783134460449,"y":0.4416927099227905,"z":-0.20299845933914185,"w":-0.794111430644989},"size":1.4052762985229493,"orthographic":false}