{"cameraMode":{"drawMode":0,"name":"Shaded","section":"Shading Mode"},"sceneLighting":true,"audioPlay":false,"sceneViewState":{"showFog":true,"showMaterialUpdate":false,"showSkybox":true,"showFlares":true,"showImageEffects":true,"showParticleSystems":true},"in2DMode":false,"pivot":{"x":-2.692751169204712,"y":-8.967333793640137,"z":6.8862457275390629},"rotation":{"x":0.4493188261985779,"y":-0.18545790016651154,"z":0.09586124122142792,"w":0.8687364459037781},"size":6.244969844818115,"orthographic":false}