{"cameraMode":{"drawMode":0,"name":"Shaded","section":"Shading Mode"},"sceneLighting":true,"audioPlay":false,"sceneViewState":{"showFog":true,"showMaterialUpdate":false,"showSkybox":true,"showFlares":true,"showImageEffects":true,"showParticleSystems":true},"in2DMode":false,"pivot":{"x":1.3586193323135377,"y":-1.6325067281723023,"z":0.6841055750846863},"rotation":{"x":-0.3998093903064728,"y":-0.4917771816253662,"z":0.2714177668094635,"w":-0.724405825138092},"size":4.105276107788086,"orthographic":false}